Temperature,Mortality
0,-0.024875625
0.916981131,-1.08208955
1.550943396,-1.7039801
2.179245282,-2.139303475
2.716981131,-2.3880597
3.333962265,-2.5124378
3.996226416,-2.3880597
